company,role,location,work,open_date,close_date,hourly_rate,total_compensation,application_url,linkedin_url,job_id,employment_type,description,qualifications,responsibilities,notes
Pentair,IT & Cybersecurity Intern,"Golden Valley, MN",In person,"August 16, 2026","March 1, 2027",$31/hour,"$14,880",https://careers.pentair.com/us/en/job/PEAPENUSR23700EXTERNALENUS/IT-Cybersecurity-Leadership-Development-Internship-Program-Summer-2027,,R23700,FULL TIME,"Job Description: Ignite your Career Journey with Pentair’s Leadership Development Internship Program! Are you ready to gain hands-on experience, develop your leadership skills, and make a meaningful impact? Pentair is seeking ambitious, innovative, and driven students to join our Leadership Development Internship Program. &#x1f680; What Awaits You Embark on a 12-week experience where you'll contribute to meaningful work, build lasting connections, and grow both personally and professionally. Through hands-on projects, mentorship, networking opportunities, and intern-focused programming, you'll gain valuable experience and develop skills that will help prepare you for the next step in your career. &#x1f30e; Make a Difference Each intern will be assigned to a real-world, strategic business project that you will be immersed in for the summer. Your work will directly help Pentair achieve our mission of a more sustainable future. Interns will present their project objectives, processes, and overall results and impact to leadership at the internship program's end. &#x1f310; Professional Cohort Development As a Pentair intern, you'll join a cohort of talented students from across the organization and participate in meaningful development experiences throughout the summer. From mentorship and networking opportunities to executive speaker sessions, a team case competition, and our signature Intern Summit, you'll build valuable skills, expand your network, and gain exposure to potential career opportunities. Along the way, you'll collaborate with experienced professionals, contribute to meaningful work, and grow both personally and professionally. &#x1f4a6; About Pentair At Pentair, we believe the health of our world depends on reliable access to clean water. We design, manufacture, and deliver a comprehensive range of smart, sustainable water solutions to homes, business, and industries around the world. Whether it is improving, moving, or enjoying water, we help manage the world’s most precious resource. &#x1f44d; Pentair Will: Offer meaningful, hands-on work through a strategic business project that will allow you to make a real impact while developing valuable professional skills. Provide on-the-job training, mentorship, and coaching from experienced professionals invested in your growth and success. Pay competitively. Provide opportunities to connect with leaders across the organization through executive speaker sessions, coffee chats, networking events, and mentorship experiences. Offer a variety of professional development, social, volunteer, and cohort experiences designed to help you build your network and accelerate your growth. Give you the opportunity to collaborate with fellow interns through a team case competition and attend Pentair's Intern Summit, bringing together interns from across the company for learning, development, and connection. Provide the opportunity to showcase your accomplishments through a final presentation to Pentair leaders, with the potential to be considered for future full-time opportunities upon graduation. &#x1f4c3; Minimum Qualifications: Be currently pursuing a Bachelor’s Degree in Information Technology, Management of Information Systems, Cybersecurity, or Computer Science from an accredited university Be currently enrolled as a junior undergraduate (Preferred Graduation Date: Spring 2028) Be willing to work during the summer in our Golden Valley, MN location Have a strong interest in pursuing Pentair’s full-time IT & Cybersecurity Leadership Development Program upon graduation Willing to relocate and work in locations throughout the United States while in Pentair's Leadership Development Program Have strong technical aptitude in at least one IT domain (application development, infrastructure, cybersecurity, etc.) Be proficient in Microsoft Word, Excel, and PowerPoint Must be legally authorized to work in the United States without sponsorship now or in the future ✅ Key Information: 12-week i...",,,12 weeks. Employer page enriched automatically from published job data.
Interactive Brokers,Cybersecurity Internship 2027,"Greenwich, Connecticut, United States",In person,"August 15, 2026",Rolling,Undisclosed,Undisclosed,https://www.linkedin.com/comm/jobs/view/4454308591?trackingId=&refId=&lipi=urn%3Ali%3Apage%3Aemail_email_jobs_saved_job_reminder_01%3BjGzPvnk%2FQbK19IZua9S1Gg%3D%3D&midToken=AQEjyWXu4WAGnA&midSig=2PtgWshnIwqso1&trk=eml-email_jobs_saved_job_reminder_01-saved~jobs-0-job_posting&trkEmail=eml-email_jobs_saved_job_reminder_01-saved~jobs-0-job_posting-null-i8qsyk~msunqn6s~dm-null-null&eid=i8qsyk-msunqn6s-dm&otpToken=NjA3MzA4YjZkNmQ5MTgzNjdjZDgzMGU3NGJmYzUxZDVkYjcxMDQ2ZWI1YTRhNzU4MjBmZDczMzg4ZmM2NDYxNWRjMGZiMjE1Yzk2MzlhZDNhZGZiMWIzOGNlNzg5NDUyN2VhYzBjNzJlODk4MWU5YmVjNTAzMWJkZWZmZWE0MmQzZjMzMzBiYTI0MWFjMTI3LDIsMQ%3D%3D,https://www.linkedin.com/comm/jobs/view/4454308591?trackingId=&refId=&lipi=urn%3Ali%3Apage%3Aemail_email_jobs_saved_job_reminder_01%3BjGzPvnk%2FQbK19IZua9S1Gg%3D%3D&midToken=AQEjyWXu4WAGnA&midSig=2PtgWshnIwqso1&trk=eml-email_jobs_saved_job_reminder_01-saved~jobs-0-job_posting&trkEmail=eml-email_jobs_saved_job_reminder_01-saved~jobs-0-job_posting-null-i8qsyk~msunqn6s~dm-null-null&eid=i8qsyk-msunqn6s-dm&otpToken=NjA3MzA4YjZkNmQ5MTgzNjdjZDgzMGU3NGJmYzUxZDVkYjcxMDQ2ZWI1YTRhNzU4MjBmZDczMzg4ZmM2NDYxNWRjMGZiMjE1Yzk2MzlhZDNhZGZiMWIzOGNlNzg5NDUyN2VhYzBjNzJlODk4MWU5YmVjNTAzMWJkZWZmZWE0MmQzZjMzMzBiYTI0MWFjMTI3LDIsMQ%3D%3D,4454308591,Internship,,,,Imported automatically from a LinkedIn job email.
Pentair,IT & Cybersecurity Leadership Development Internship Program - Summer 2027,"Golden Valley, Minnesota, United States",In person,"August 15, 2026",Rolling,Undisclosed,Undisclosed,https://www.linkedin.com/comm/jobs/view/4448312441?trackingId=&refId=&lipi=urn%3Ali%3Apage%3Aemail_email_jobs_saved_job_reminder_01%3BjGzPvnk%2FQbK19IZua9S1Gg%3D%3D&midToken=AQEjyWXu4WAGnA&midSig=2PtgWshnIwqso1&trk=eml-email_jobs_saved_job_reminder_01-saved~jobs-0-job_posting&trkEmail=eml-email_jobs_saved_job_reminder_01-saved~jobs-0-job_posting-null-i8qsyk~msunqn6s~dm-null-null&eid=i8qsyk-msunqn6s-dm&otpToken=NjA3MzA4YjZkNmQ5MTgzNjdjZDgzMGU3NGJmYzUxZDVkYjcxMDQ2ZWI1YTRhNzU4MjBmZDczMzg4ZmM2NDYxNWRjMGZiMjE1Yzk2MzlhZDNhZGZiMWIzOGNlNzg5NDUyN2VhYzBjNzJlODk4MWU5YmVjNTAzMWJkZWZmZWE0MmQzZjMzMzBiYTI0MWFjMTI3LDIsMQ%3D%3D,https://www.linkedin.com/comm/jobs/view/4448312441?trackingId=&refId=&lipi=urn%3Ali%3Apage%3Aemail_email_jobs_saved_job_reminder_01%3BjGzPvnk%2FQbK19IZua9S1Gg%3D%3D&midToken=AQEjyWXu4WAGnA&midSig=2PtgWshnIwqso1&trk=eml-email_jobs_saved_job_reminder_01-saved~jobs-0-job_posting&trkEmail=eml-email_jobs_saved_job_reminder_01-saved~jobs-0-job_posting-null-i8qsyk~msunqn6s~dm-null-null&eid=i8qsyk-msunqn6s-dm&otpToken=NjA3MzA4YjZkNmQ5MTgzNjdjZDgzMGU3NGJmYzUxZDVkYjcxMDQ2ZWI1YTRhNzU4MjBmZDczMzg4ZmM2NDYxNWRjMGZiMjE1Yzk2MzlhZDNhZGZiMWIzOGNlNzg5NDUyN2VhYzBjNzJlODk4MWU5YmVjNTAzMWJkZWZmZWE0MmQzZjMzMzBiYTI0MWFjMTI3LDIsMQ%3D%3D,4448312441,Internship,,,,Imported automatically from a LinkedIn job email.
SpaceX,"New Graduate Engineer, Software Security - '26/'27 (Starlink)","Redmond, Washington, United States",In person,"August 15, 2026",Rolling,Undisclosed,Undisclosed,https://www.linkedin.com/comm/jobs/view/4454590319?trackingId=&refId=&lipi=urn%3Ali%3Apage%3Aemail_email_jobs_saved_job_reminder_01%3BjGzPvnk%2FQbK19IZua9S1Gg%3D%3D&midToken=AQEjyWXu4WAGnA&midSig=2PtgWshnIwqso1&trk=eml-email_jobs_saved_job_reminder_01-saved~jobs-0-job_posting&trkEmail=eml-email_jobs_saved_job_reminder_01-saved~jobs-0-job_posting-null-i8qsyk~msunqn6s~dm-null-null&eid=i8qsyk-msunqn6s-dm&otpToken=NjA3MzA4YjZkNmQ5MTgzNjdjZDgzMGU3NGJmYzUxZDVkYjcxMDQ2ZWI1YTRhNzU4MjBmZDczMzg4ZmM2NDYxNWRjMGZiMjE1Yzk2MzlhZDNhZGZiMWIzOGNlNzg5NDUyN2VhYzBjNzJlODk4MWU5YmVjNTAzMWJkZWZmZWE0MmQzZjMzMzBiYTI0MWFjMTI3LDIsMQ%3D%3D,https://www.linkedin.com/comm/jobs/view/4454590319?trackingId=&refId=&lipi=urn%3Ali%3Apage%3Aemail_email_jobs_saved_job_reminder_01%3BjGzPvnk%2FQbK19IZua9S1Gg%3D%3D&midToken=AQEjyWXu4WAGnA&midSig=2PtgWshnIwqso1&trk=eml-email_jobs_saved_job_reminder_01-saved~jobs-0-job_posting&trkEmail=eml-email_jobs_saved_job_reminder_01-saved~jobs-0-job_posting-null-i8qsyk~msunqn6s~dm-null-null&eid=i8qsyk-msunqn6s-dm&otpToken=NjA3MzA4YjZkNmQ5MTgzNjdjZDgzMGU3NGJmYzUxZDVkYjcxMDQ2ZWI1YTRhNzU4MjBmZDczMzg4ZmM2NDYxNWRjMGZiMjE1Yzk2MzlhZDNhZGZiMWIzOGNlNzg5NDUyN2VhYzBjNzJlODk4MWU5YmVjNTAzMWJkZWZmZWE0MmQzZjMzMzBiYTI0MWFjMTI3LDIsMQ%3D%3D,4454590319,Internship,,,,Post-grad / early-career opportunity imported automatically from a LinkedIn job email.
ByteDance,Security Software Engineer Project Intern (Network Security) - 2026 Start (BS/MS),"San Jose, CA",In person,"August 14, 2026",Rolling,$45-$60/hour,Undisclosed,https://joinbytedance.com/search/,,A177024A,,"Network-security project internship improving WAF intelligence against HTTP floods, malicious bots, and evasive activity.",Undergraduate/postgraduate STEM student; security fundamentals and a programming/scripting language.,,At least 3 months. Rolling applications. Employer-posted rate $45-$60/hour.
IBM,X-Force Red Hacker Intern 2027,"Austin, TX",In person,"August 14, 2026",Rolling,Est. $24.92-$45.69/hour,"$51,840-$95,040/year (annualized)",https://www.ibm.com/careers/search,,129253,,Offensive-security internship supporting live client penetration-testing engagements.,University student; security knowledge preferred; onsite Austin May-August 2027; no current/future visa sponsorship.,,"Employer projected annualized salary range $51,840-$95,040."
Marathon Petroleum,Intern/Co-op - Information Technology (Summer 2027),"Findlay, OH / San Antonio, TX",In person,"August 14, 2026","August 16, 2026",$24.95-$31.19/hour,Undisclosed,https://mpc.wd1.myworkdayjobs.com/en-US/MPCCareers?q=00023241,,00023241,,"IT internship with possible placements in systems analysis, cloud, cybersecurity, infrastructure, software engineering, and QA.",Related IT/CS/engineering major; strong academics; indefinite U.S. work authorization without sponsorship; must remain enrolled.,,Employer-posted pay $24.95-$31.19/hour.
TikTok,Search Security Strategy Operations Intern (TikTok-Platform Responsibility-Search) - 2027 Summer,"San Jose, CA",In person,"August 14, 2026",Rolling,$25/hour,Undisclosed,https://lifeattiktok.com/search/,,A145452,,"Search-security strategy internship focused on content safety, detection, intervention, emergency response, large models, and security platforms.","Undergraduate/master's student in CS, statistics, information management, data science, or related field.",,Rolling applications. Employer-posted rate $25/hour.
Interactive Brokers,Cybersecurity Internship 2027,"Greenwich, CT",In person,"August 13, 2026","March 1, 2027",Undisclosed,Undisclosed,https://www.interactivebrokers.com/en/general/about/careers.php,,642,,"Nine-week onsite cybersecurity internship covering security engineering, assessments, scanning, threat monitoring, penetration testing, red teaming, and AI testing.",Cybersecurity/CS-related degree; Dec. 2027-May 2028 graduation preferred; minimum GPA 3.5.,,9-week onsite program. Deadline March 1.
Amazon,Robotics - Software Development Engineer Intern/Co-op - 2026,"Seattle, Washington, United States",In person,"August 12, 2026",Rolling,Undisclosed,Undisclosed,https://www.linkedin.com/comm/jobs/view/4443044663?trackingId=&refId=&lipi=urn%3Ali%3Apage%3Aemail_email_jobs_saved_job_reminder_01%3BeoSSjgUVSUCXwqQ%2Bcwx5Eg%3D%3D&midToken=AQEjyWXu4WAGnA&midSig=25zErYE8tvmco1&trk=eml-email_jobs_saved_job_reminder_01-saved~jobs-0-job_posting&trkEmail=eml-email_jobs_saved_job_reminder_01-saved~jobs-0-job_posting-null-i8qsyk~msqejlo8~90-null-null&eid=i8qsyk-msqejlo8-90&otpToken=OWJjZGVkYjI4NzEwZjJhYzQxZjZlYmVjNWJmNTg4MDYxYzM4MDNmMTI1NWYyYTQ5ODA0NGViY2RhODFmNGQ0NWVhNjEzMTExNGZiODIxYTY0ODY3NDQzNzFkZThkZmJmMjJlOWIyZTI2MWFlNTkyZTVhZDUwZGQxMzBjMTI1Y2FlZTNjNzc2ZjM2OTViNzQwLDIsMQ%3D%3D,,4443044663,,,,,Imported automatically from a LinkedIn job email.
The Mosaic Company,Informational Technology Co-Op/Intern - Spring 2027,Greater Tampa Bay Area,In person,"August 12, 2026",Rolling,Undisclosed,Undisclosed,https://www.linkedin.com/comm/jobs/view/4442943074?trackingId=&refId=&lipi=urn%3Ali%3Apage%3Aemail_email_jobs_saved_job_reminder_01%3BeoSSjgUVSUCXwqQ%2Bcwx5Eg%3D%3D&midToken=AQEjyWXu4WAGnA&midSig=25zErYE8tvmco1&trk=eml-email_jobs_saved_job_reminder_01-saved~jobs-0-job_posting&trkEmail=eml-email_jobs_saved_job_reminder_01-saved~jobs-0-job_posting-null-i8qsyk~msqejlo8~90-null-null&eid=i8qsyk-msqejlo8-90&otpToken=OWJjZGVkYjI4NzEwZjJhYzQxZjZlYmVjNWJmNTg4MDYxYzM4MDNmMTI1NWYyYTQ5ODA0NGViY2RhODFmNGQ0NWVhNjEzMTExNGZiODIxYTY0ODY3NDQzNzFkZThkZmJmMjJlOWIyZTI2MWFlNTkyZTVhZDUwZGQxMzBjMTI1Y2FlZTNjNzc2ZjM2OTViNzQwLDIsMQ%3D%3D,,4442943074,,,,,Imported automatically from a LinkedIn job email.
Capital One,Technology Internship Program - Summer 2027,"McLean, Virginia, United States",In person,"August 9, 2026",Rolling,Undisclosed,Undisclosed,https://www.linkedin.com/comm/jobs/view/4448680516?trackingId=&refId=&lipi=urn%3Ali%3Apage%3Aemail_email_jobs_saved_job_reminder_01%3Blg5Rh99NSaOrXGfFaWui6A%3D%3D&midToken=AQEjyWXu4WAGnA&midSig=0qtveOZ75nhYo1&trk=eml-email_jobs_saved_job_reminder_01-saved~jobs-0-job_posting&trkEmail=eml-email_jobs_saved_job_reminder_01-saved~jobs-0-job_posting-null-i8qsyk~msm2s2i5~z8-null-null&eid=i8qsyk-msm2s2i5-z8&otpToken=MWVkN2NiYzE2MGExMDI5NWRjZDVhZDIxMWEzZTdjN2JkYThlZThiN2Y5YmNmZDc0ZjRmMjI0MzAzNTM4MjZlNDYyMjUzNzZhMGJlYjVmNjcxMjJmZTE2ZGRhNTBlZWI0OTRiMWRiODg2NDQ5NjE3M2Q1MWRlZjM2YzY3MDg4MTc1MmI5YWY5ZjBjNTFjNTQ0LDIsMQ%3D%3D,,4448680516,,,,,Imported automatically from a LinkedIn job email.
GE Vernova,GE Vernova Digital Technology Internship - Summer 2027,"Atlanta, Georgia, United States",In person,"August 9, 2026",Rolling,Undisclosed,Undisclosed,https://www.linkedin.com/comm/jobs/view/4449005664?trackingId=&refId=&lipi=urn%3Ali%3Apage%3Aemail_email_jobs_saved_job_reminder_01%3Blg5Rh99NSaOrXGfFaWui6A%3D%3D&midToken=AQEjyWXu4WAGnA&midSig=0qtveOZ75nhYo1&trk=eml-email_jobs_saved_job_reminder_01-saved~jobs-0-job_posting&trkEmail=eml-email_jobs_saved_job_reminder_01-saved~jobs-0-job_posting-null-i8qsyk~msm2s2i5~z8-null-null&eid=i8qsyk-msm2s2i5-z8&otpToken=MWVkN2NiYzE2MGExMDI5NWRjZDVhZDIxMWEzZTdjN2JkYThlZThiN2Y5YmNmZDc0ZjRmMjI0MzAzNTM4MjZlNDYyMjUzNzZhMGJlYjVmNjcxMjJmZTE2ZGRhNTBlZWI0OTRiMWRiODg2NDQ5NjE3M2Q1MWRlZjM2YzY3MDg4MTc1MmI5YWY5ZjBjNTFjNTQ0LDIsMQ%3D%3D,https://www.linkedin.com/comm/jobs/view/4449005664?trackingId=&refId=&lipi=urn%3Ali%3Apage%3Aemail_email_jobs_saved_job_reminder_01%3Blg5Rh99NSaOrXGfFaWui6A%3D%3D&midToken=AQEjyWXu4WAGnA&midSig=0qtveOZ75nhYo1&trk=eml-email_jobs_saved_job_reminder_01-saved~jobs-0-job_posting&trkEmail=eml-email_jobs_saved_job_reminder_01-saved~jobs-0-job_posting-null-i8qsyk~msm2s2i5~z8-null-null&eid=i8qsyk-msm2s2i5-z8&otpToken=MWVkN2NiYzE2MGExMDI5NWRjZDVhZDIxMWEzZTdjN2JkYThlZThiN2Y5YmNmZDc0ZjRmMjI0MzAzNTM4MjZlNDYyMjUzNzZhMGJlYjVmNjcxMjJmZTE2ZGRhNTBlZWI0OTRiMWRiODg2NDQ5NjE3M2Q1MWRlZjM2YzY3MDg4MTc1MmI5YWY5ZjBjNTFjNTQ0LDIsMQ%3D%3D,4449005664,Internship,,,,Imported automatically from a LinkedIn job email.
HEICO,Cybersecurity IT Systems Intern,"Blacksburg, Virginia, United States",In person,"August 8, 2026",Rolling,Undisclosed,Undisclosed,https://www.linkedin.com/comm/jobs/view/4450730256?trackingId=&refId=&lipi=urn%3Ali%3Apage%3Aemail_email_jobs_saved_job_reminder_01%3B6QRTFOT2QCSWG9i6ZYiZrw%3D%3D&midToken=AQEjyWXu4WAGnA&midSig=1maVGV_efogso1&trk=eml-email_jobs_saved_job_reminder_01-saved~jobs-0-job_posting&trkEmail=eml-email_jobs_saved_job_reminder_01-saved~jobs-0-job_posting-null-i8qsyk~mskoidwc~5m-null-null&eid=i8qsyk-mskoidwc-5m&otpToken=ZmQ5OGJiZGEwOTkxYThmM2U2YzU3MTZhNGUwZWE5ZGU5MmIzNjRkNjBiMTcxZDU3ZDRkYmIxMWNjMmEwODE0OWE2NTgyYzM4MGQ1ZjIxYWEyNjMxMmIwMTU5ODY2MTJkNzlhZjdhMDg4YjYyNjU0MGRhNGE2OWRhMTIxZjdhOWM2MzljMTU4YjQ0ODgzYTliLDIsMQ%3D%3D,,4450730256,,,,,Imported automatically from a LinkedIn job email.
Roblox,[Summer 2027] Software Engineer Intern,"San Mateo, California, United States",In person,"August 8, 2026",Rolling,Undisclosed,Undisclosed,https://www.linkedin.com/comm/jobs/view/4449149254?trackingId=&refId=&lipi=urn%3Ali%3Apage%3Aemail_email_jobs_saved_job_reminder_01%3B6QRTFOT2QCSWG9i6ZYiZrw%3D%3D&midToken=AQEjyWXu4WAGnA&midSig=1maVGV_efogso1&trk=eml-email_jobs_saved_job_reminder_01-saved~jobs-0-job_posting&trkEmail=eml-email_jobs_saved_job_reminder_01-saved~jobs-0-job_posting-null-i8qsyk~mskoidwc~5m-null-null&eid=i8qsyk-mskoidwc-5m&otpToken=ZmQ5OGJiZGEwOTkxYThmM2U2YzU3MTZhNGUwZWE5ZGU5MmIzNjRkNjBiMTcxZDU3ZDRkYmIxMWNjMmEwODE0OWE2NTgyYzM4MGQ1ZjIxYWEyNjMxMmIwMTU5ODY2MTJkNzlhZjdhMDg4YjYyNjU0MGRhNGE2OWRhMTIxZjdhOWM2MzljMTU4YjQ0ODgzYTliLDIsMQ%3D%3D,,4449149254,,,,,Imported automatically from a LinkedIn job email.
Varda Space Industries,Cybersecurity Internship - Spring 2027,"El Segundo, California, United States",In person,"August 8, 2026",Rolling,Undisclosed,Undisclosed,https://www.linkedin.com/comm/jobs/view/4450758010?trackingId=&refId=&lipi=urn%3Ali%3Apage%3Aemail_email_jobs_saved_job_reminder_01%3B6QRTFOT2QCSWG9i6ZYiZrw%3D%3D&midToken=AQEjyWXu4WAGnA&midSig=1maVGV_efogso1&trk=eml-email_jobs_saved_job_reminder_01-saved~jobs-0-job_posting&trkEmail=eml-email_jobs_saved_job_reminder_01-saved~jobs-0-job_posting-null-i8qsyk~mskoidwc~5m-null-null&eid=i8qsyk-mskoidwc-5m&otpToken=ZmQ5OGJiZGEwOTkxYThmM2U2YzU3MTZhNGUwZWE5ZGU5MmIzNjRkNjBiMTcxZDU3ZDRkYmIxMWNjMmEwODE0OWE2NTgyYzM4MGQ1ZjIxYWEyNjMxMmIwMTU5ODY2MTJkNzlhZjdhMDg4YjYyNjU0MGRhNGE2OWRhMTIxZjdhOWM2MzljMTU4YjQ0ODgzYTliLDIsMQ%3D%3D,,4450758010,,,,,Imported automatically from a LinkedIn job email.
Bright Network Consulting,Cyber Security Intern,United States (Remote),Remote,"August 7, 2026",Rolling,Undisclosed,Undisclosed,https://www.linkedin.com/comm/jobs/view/4449224897/?trackingId=swUgtHHeSVerRW2PES86Fg%3D%3D&refId=lZ8FsFiRTH%2BcLQ%2BnteRTCw%3D%3D&lipi=urn%3Ali%3Apage%3Aemail_email_application_confirmation_with_nba_01%3BsLjzy2yHTZO9fr8w3ajtEg%3D%3D&midToken=AQEjyWXu4WAGnA&midSig=18i3GOhoqbfIo1&trk=eml-email_application_confirmation_with_nba_01-applied_jobs-0-job_posting&trkEmail=eml-email_application_confirmation_with_nba_01-applied_jobs-0-job_posting-null-i8qsyk~msjubvbm~lc-null-null&eid=i8qsyk-msjubvbm-lc&otpToken=YTliYjEwYWQzYTNmM2JhYjQyOTE5NDAyZThkODM1Mjc3MjRjN2Y0N2Y4ODA1ZDU4NzJkYmJmMmE1ODdiMmQwMGJjMzE5MGNiZTIzZTM2Njc3MzY2MTE2MWJhZmYyYTJhZDljNGViNDY5ZjUwNjkzY2I3Mjk4ZTUyMWQ2MDEzNDI1YmUzYmI3YjIzMjE5ODMzLDIsMQ%3D%3D,,4449224897,,,,,Imported automatically from a LinkedIn job email.
CNO Financial Group,Cyber Security IT Intern - REMOTE,United States,Remote,"August 7, 2026",Rolling,Undisclosed,Undisclosed,https://careers.cnoinc.com/carmel-in/cyber-security-it-intern-remote/08EF775A045D4EFE9CEC1D57D0B83B2C/job/,,JR170419,,"Paid cybersecurity internship rotating across Security Operations, Engineering, and Governance.","Progress toward a bachelor's degree in CS, IT, or related field; rising junior/senior; expected graduation Dec. 2027-June 2029; 40 hours/week for 10-12 weeks.",,"May 17-August 6, 2027. Fully remote in the U.S.; Central/Eastern Time preferred. No visa sponsorship."
GE Vernova,Digital Technology Intern,"Atlanta, GA",In person,"August 7, 2026",Rolling,Est. $25-$50/hour,"Est. $10,000-$24,000",https://careers.gevernova.com/ge-vernova-digital-technology-internship-summer-2027/job/R5049176,,R5049176,INTERN,"Job Description Summary Job Description GE Vernova is seeking sharp, personable, highly-organized interns who are looking for the opportunity to grow their technical and professional skills while building a career with unlimited potential. Interns will learn from the best in the industry and work on substantial projects with real world implications, getting hands-on with digital technologies! What you'll do We offer meaningful, impactful assignments as well as an assignment that includes team building, career development opportunities, and more! Digital Technology Interns are GE Vernova's primary pipeline to full-time employment opportunities either as a direct hire or as a member of one of our world-class early talent leadership programs, like the Digital Technology Development Program (DTDP). Digital Technology Interns are hired to focus on a particular area of the GE Vernova businesses based on availability of positions, the interviewer's assessment, and the applicant's preference. Focus areas could include but are not limited to Product & Program Management, Cyber Security, Cloud & Network Technology, Enabling Functions, Data & Analytics, Data Science, AI, Engineering, and more. Digital intern assignments, typically 10 to 12 weeks in length, are dynamic and challenging based on the business needs and the type of work required. Interns have significant exposure to key IT and Software business leaders at GE Vernova; as well as a global internship support network to accelerate learning and development. The pay range for this position is $1,000-$2,000 USD weekly. The specific pay offered may be influenced by a variety of factors, including the candidate’s experience, education, and skill set. For candidates applying to a U.S. based position only: This posting is expected to remain open for at least seven days after it was posted on August 3, 2026. This position is also eligible for: Relocation Assistance: Co-op/Interns will be reimbursed for reasonable, proper, and documented expenditures incurred while initially reporting to work and returning to school/home upon completion of the assignment. Employees with a permanent address greater than 50 miles away from the work location are eligible. Housing Allowance: Co-op/Interns employees receive a weekly housing allowance to help off-set living expenses when the co-op/Intern’s permanent residence is at least 50 miles away from the work location. Employee Assistance Program , providing 24/7 confidential assessment, counseling and referral services GE Vernova Retirement Savings Plan (RSP) after their accumulated service reaches 90 days, and they meet any other eligibility requirements as defined in the plans. (Eligibility occurs on the 1st of the month following the 90th day.) Additional Information GE Vernova offers a great work environment, professional development, challenging careers, and competitive compensation. GE Vernova is an Equal Opportunity Employer . Employment decisions are made without regard to race, color, religion, national or ethnic origin, sex, sexual orientation, gender identity or expression, age, disability, protected veteran status or other characteristics protected by law. GE Vernova will only employ those who are legally authorized to work in the United States for this opening. Any offer of employment is conditioned upon the successful completion of a drug screen (as applicable). Relocation Assistance Provided: No For candidates applying to a U.S. based position only: This posting is expected to remain open for at least seven days after it was posted on August 07, 2026. U.S. Internship roles are ineligible for GE Vernova benefits.",,,"10-12 weeks. Hourly rate is derived from the posted $1,000-$2,000 weekly range. Employer page enriched automatically from published job data."
Labelbox,Cyber Security Intern,San Francisco Bay Area,In person,"August 7, 2026",Rolling,Undisclosed,Undisclosed,https://www.linkedin.com/comm/jobs/view/4437889854/?trackingId=Ph7X4uk3TCGwHCQC5ydrRw%3D%3D&refId=iB0APuuvQui1AXcUNcIExA%3D%3D&lipi=urn%3Ali%3Apage%3Aemail_email_application_confirmation_with_nba_01%3BsLjzy2yHTZO9fr8w3ajtEg%3D%3D&midToken=AQEjyWXu4WAGnA&midSig=18i3GOhoqbfIo1&trk=eml-email_application_confirmation_with_nba_01-jymbii-0-job_posting&trkEmail=eml-email_application_confirmation_with_nba_01-jymbii-0-job_posting-null-i8qsyk~msjubvbm~lc-null-null&eid=i8qsyk-msjubvbm-lc&otpToken=YTliYjEwYWQzYTNmM2JhYjQyOTE5NDAyZThkODM1Mjc3MjRjN2Y0N2Y4ODA1ZDU4NzJkYmJmMmE1ODdiMmQwMGJjMzE5MGNiZTIzZTM2Njc3MzY2MTE2MWJhZmYyYTJhZDljNGViNDY5ZjUwNjkzY2I3Mjk4ZTUyMWQ2MDEzNDI1YmUzYmI3YjIzMjE5ODMzLDIsMQ%3D%3D,,4437889854,,,,,Imported automatically from a LinkedIn job email.
LiveRamp,"Co-Op, Software Engineer - Action Runtime","Seattle, Washington, United States",In person,"August 7, 2026",Rolling,Undisclosed,Undisclosed,https://www.linkedin.com/comm/jobs/view/4440855074?trackingId=&refId=&lipi=urn%3Ali%3Apage%3Aemail_email_jobs_saved_job_reminder_01%3BbDp%2BHfToQdWI8dWFVjgCTw%3D%3D&midToken=AQEjyWXu4WAGnA&midSig=2seFYCLX0Tfco1&trk=eml-email_jobs_saved_job_reminder_01-saved~jobs-0-job_posting&trkEmail=eml-email_jobs_saved_job_reminder_01-saved~jobs-0-job_posting-null-i8qsyk~msj921cz~54-null-null&eid=i8qsyk-msj921cz-54&otpToken=ZjIxZjAwYzcwNzBlOGU1YmMzMWI4MmJmMzZlMzY2MWRmNWVmNzVjZGRlMjBiMWFmZTkxY2UzOTk5OTg2NWY4NmJlMDNjOGJlYjE2N2RjNTA2MjU2NjJjMzIwOGIzZWM1ZjRmNjgzNDJiYTcwYTRmM2FkMGRjMGQ1MTA0MTFkODdhMDA1ZmU4NWE3YTJjZmNhLDIsMQ%3D%3D,,4440855074,,,,,Imported automatically from a LinkedIn job email.
Melaleuca: The Wellness Company,Internship Summer 2027 - Cybersecurity,"Idaho Falls, ID",In person,"August 7, 2026",Rolling,Undisclosed,Undisclosed,https://www.linkedin.com/comm/jobs/view/4427658278/?trackingId=RZyq9WH0TxmipV9XvgpBsQ%3D%3D&refId=jcKNKqB%2FTyiJTacFqQ3JoA%3D%3D&lipi=urn%3Ali%3Apage%3Aemail_email_application_confirmation_with_nba_01%3BsLjzy2yHTZO9fr8w3ajtEg%3D%3D&midToken=AQEjyWXu4WAGnA&midSig=18i3GOhoqbfIo1&trk=eml-email_application_confirmation_with_nba_01-jymbii-0-job_posting&trkEmail=eml-email_application_confirmation_with_nba_01-jymbii-0-job_posting-null-i8qsyk~msjubvbm~lc-null-null&eid=i8qsyk-msjubvbm-lc&otpToken=YTliYjEwYWQzYTNmM2JhYjQyOTE5NDAyZThkODM1Mjc3MjRjN2Y0N2Y4ODA1ZDU4NzJkYmJmMmE1ODdiMmQwMGJjMzE5MGNiZTIzZTM2Njc3MzY2MTE2MWJhZmYyYTJhZDljNGViNDY5ZjUwNjkzY2I3Mjk4ZTUyMWQ2MDEzNDI1YmUzYmI3YjIzMjE5ODMzLDIsMQ%3D%3D,https://www.linkedin.com/comm/jobs/view/4427658278/?trackingId=RZyq9WH0TxmipV9XvgpBsQ%3D%3D&refId=jcKNKqB%2FTyiJTacFqQ3JoA%3D%3D&lipi=urn%3Ali%3Apage%3Aemail_email_application_confirmation_with_nba_01%3BsLjzy2yHTZO9fr8w3ajtEg%3D%3D&midToken=AQEjyWXu4WAGnA&midSig=18i3GOhoqbfIo1&trk=eml-email_application_confirmation_with_nba_01-jymbii-0-job_posting&trkEmail=eml-email_application_confirmation_with_nba_01-jymbii-0-job_posting-null-i8qsyk~msjubvbm~lc-null-null&eid=i8qsyk-msjubvbm-lc&otpToken=YTliYjEwYWQzYTNmM2JhYjQyOTE5NDAyZThkODM1Mjc3MjRjN2Y0N2Y4ODA1ZDU4NzJkYmJmMmE1ODdiMmQwMGJjMzE5MGNiZTIzZTM2Njc3MzY2MTE2MWJhZmYyYTJhZDljNGViNDY5ZjUwNjkzY2I3Mjk4ZTUyMWQ2MDEzNDI1YmUzYmI3YjIzMjE5ODMzLDIsMQ%3D%3D,4427658278,Internship,,,,Imported automatically from a LinkedIn job email.
Microsoft,"Software Engineer: Cloud & Distributed Backend Intern Opportunities for University Students, Redmond","Redmond, Washington, United States",In person,"August 7, 2026",Rolling,Undisclosed,Undisclosed,https://www.linkedin.com/comm/jobs/view/4448879065?trackingId=&refId=&lipi=urn%3Ali%3Apage%3Aemail_email_jobs_saved_job_reminder_01%3BbDp%2BHfToQdWI8dWFVjgCTw%3D%3D&midToken=AQEjyWXu4WAGnA&midSig=2seFYCLX0Tfco1&trk=eml-email_jobs_saved_job_reminder_01-saved~jobs-0-job_posting&trkEmail=eml-email_jobs_saved_job_reminder_01-saved~jobs-0-job_posting-null-i8qsyk~msj921cz~54-null-null&eid=i8qsyk-msj921cz-54&otpToken=ZjIxZjAwYzcwNzBlOGU1YmMzMWI4MmJmMzZlMzY2MWRmNWVmNzVjZGRlMjBiMWFmZTkxY2UzOTk5OTg2NWY4NmJlMDNjOGJlYjE2N2RjNTA2MjU2NjJjMzIwOGIzZWM1ZjRmNjgzNDJiYTcwYTRmM2FkMGRjMGQ1MTA0MTFkODdhMDA1ZmU4NWE3YTJjZmNhLDIsMQ%3D%3D,,4448879065,,,,,Imported automatically from a LinkedIn job email.
Paramify,Cyber Security Solution Engineer (Intern),"Lehi, UT (On-site)",In person,"August 7, 2026",Rolling,Undisclosed,Undisclosed,https://www.linkedin.com/comm/jobs/view/4393994090/?trackingId=O2OrrELcQeGR28gHx5hrAA%3D%3D&refId=tlxI4CpfQJKRLMHd86%2BSPQ%3D%3D&lipi=urn%3Ali%3Apage%3Aemail_email_application_confirmation_with_nba_01%3BWiqRgRqgRDi3fA1htm5uHQ%3D%3D&midToken=AQEjyWXu4WAGnA&midSig=0ViVkV1IyafIo1&trk=eml-email_application_confirmation_with_nba_01-applied_jobs-0-job_posting&trkEmail=eml-email_application_confirmation_with_nba_01-applied_jobs-0-job_posting-null-i8qsyk~msjuasr1~ht-null-null&eid=i8qsyk-msjuasr1-ht&otpToken=MjNmOWM0ZDM1MGM5ZjI2ZDg3NWQ5OTAxZDdjMGI0MGMzNDE0OWE2NWUxMDFlNzA0OWIzMmQyZTljMTY5NjQxMWI4MDM3NjI5OGE0ZDE5ODNmMmVhOWIzYzJkNmZlYzlmZjc4M2U4ZmJlMjZmYWEyZjUzY2JlNDlhODJiMDdhYTRjNjkwNjg1YzdmMjRlZTRjLDIsMQ%3D%3D,,4393994090,,,,,Imported automatically from a LinkedIn job email.
Rockefeller Capital Management,Summer Analyst - Information Security,"New York, New York, United States",In person,"August 7, 2026",Rolling,Undisclosed,Undisclosed,https://www.linkedin.com/comm/jobs/view/4444600805?trackingId=&refId=&lipi=urn%3Ali%3Apage%3Aemail_email_jobs_saved_job_reminder_01%3BbDp%2BHfToQdWI8dWFVjgCTw%3D%3D&midToken=AQEjyWXu4WAGnA&midSig=2seFYCLX0Tfco1&trk=eml-email_jobs_saved_job_reminder_01-saved~jobs-0-job_posting&trkEmail=eml-email_jobs_saved_job_reminder_01-saved~jobs-0-job_posting-null-i8qsyk~msj921cz~54-null-null&eid=i8qsyk-msj921cz-54&otpToken=ZjIxZjAwYzcwNzBlOGU1YmMzMWI4MmJmMzZlMzY2MWRmNWVmNzVjZGRlMjBiMWFmZTkxY2UzOTk5OTg2NWY4NmJlMDNjOGJlYjE2N2RjNTA2MjU2NjJjMzIwOGIzZWM1ZjRmNjgzNDJiYTcwYTRmM2FkMGRjMGQ1MTA0MTFkODdhMDA1ZmU4NWE3YTJjZmNhLDIsMQ%3D%3D,https://www.linkedin.com/comm/jobs/view/4444600805?trackingId=&refId=&lipi=urn%3Ali%3Apage%3Aemail_email_jobs_saved_job_reminder_01%3BbDp%2BHfToQdWI8dWFVjgCTw%3D%3D&midToken=AQEjyWXu4WAGnA&midSig=2seFYCLX0Tfco1&trk=eml-email_jobs_saved_job_reminder_01-saved~jobs-0-job_posting&trkEmail=eml-email_jobs_saved_job_reminder_01-saved~jobs-0-job_posting-null-i8qsyk~msj921cz~54-null-null&eid=i8qsyk-msj921cz-54&otpToken=ZjIxZjAwYzcwNzBlOGU1YmMzMWI4MmJmMzZlMzY2MWRmNWVmNzVjZGRlMjBiMWFmZTkxY2UzOTk5OTg2NWY4NmJlMDNjOGJlYjE2N2RjNTA2MjU2NjJjMzIwOGIzZWM1ZjRmNjgzNDJiYTcwYTRmM2FkMGRjMGQ1MTA0MTFkODdhMDA1ZmU4NWE3YTJjZmNhLDIsMQ%3D%3D,4444600805,Internship,,,,Imported automatically from a LinkedIn job email.
Vigilon Cyber,Cyber Security Engineer Intern,"Burlington, VT (Remote)",Remote,"August 7, 2026",Rolling,Undisclosed,Undisclosed,https://www.linkedin.com/comm/jobs/view/4411466086/?trackingId=krvIMK%2FDTHWQQZVU5uX1GA%3D%3D&refId=RaOiMKKNQ6%2BYp4Fm6mgxCA%3D%3D&lipi=urn%3Ali%3Apage%3Aemail_email_application_confirmation_with_nba_01%3BsLjzy2yHTZO9fr8w3ajtEg%3D%3D&midToken=AQEjyWXu4WAGnA&midSig=18i3GOhoqbfIo1&trk=eml-email_application_confirmation_with_nba_01-jymbii-0-job_posting&trkEmail=eml-email_application_confirmation_with_nba_01-jymbii-0-job_posting-null-i8qsyk~msjubvbm~lc-null-null&eid=i8qsyk-msjubvbm-lc&otpToken=YTliYjEwYWQzYTNmM2JhYjQyOTE5NDAyZThkODM1Mjc3MjRjN2Y0N2Y4ODA1ZDU4NzJkYmJmMmE1ODdiMmQwMGJjMzE5MGNiZTIzZTM2Njc3MzY2MTE2MWJhZmYyYTJhZDljNGViNDY5ZjUwNjkzY2I3Mjk4ZTUyMWQ2MDEzNDI1YmUzYmI3YjIzMjE5ODMzLDIsMQ%3D%3D,,4411466086,,,,,Imported automatically from a LinkedIn job email.
Washington National Insurance Company,Cyber Security IT Intern - REMOTE,"Carmel, Indiana, United States",In person,"August 7, 2026",Rolling,Undisclosed,Undisclosed,https://www.linkedin.com/comm/jobs/view/4447366703?trackingId=&refId=&lipi=urn%3Ali%3Apage%3Aemail_email_jobs_saved_job_reminder_01%3BbDp%2BHfToQdWI8dWFVjgCTw%3D%3D&midToken=AQEjyWXu4WAGnA&midSig=2seFYCLX0Tfco1&trk=eml-email_jobs_saved_job_reminder_01-saved~jobs-0-job_posting&trkEmail=eml-email_jobs_saved_job_reminder_01-saved~jobs-0-job_posting-null-i8qsyk~msj921cz~54-null-null&eid=i8qsyk-msj921cz-54&otpToken=ZjIxZjAwYzcwNzBlOGU1YmMzMWI4MmJmMzZlMzY2MWRmNWVmNzVjZGRlMjBiMWFmZTkxY2UzOTk5OTg2NWY4NmJlMDNjOGJlYjE2N2RjNTA2MjU2NjJjMzIwOGIzZWM1ZjRmNjgzNDJiYTcwYTRmM2FkMGRjMGQ1MTA0MTFkODdhMDA1ZmU4NWE3YTJjZmNhLDIsMQ%3D%3D,https://www.linkedin.com/comm/jobs/view/4447366703?trackingId=&refId=&lipi=urn%3Ali%3Apage%3Aemail_email_jobs_saved_job_reminder_01%3BbDp%2BHfToQdWI8dWFVjgCTw%3D%3D&midToken=AQEjyWXu4WAGnA&midSig=2seFYCLX0Tfco1&trk=eml-email_jobs_saved_job_reminder_01-saved~jobs-0-job_posting&trkEmail=eml-email_jobs_saved_job_reminder_01-saved~jobs-0-job_posting-null-i8qsyk~msj921cz~54-null-null&eid=i8qsyk-msj921cz-54&otpToken=ZjIxZjAwYzcwNzBlOGU1YmMzMWI4MmJmMzZlMzY2MWRmNWVmNzVjZGRlMjBiMWFmZTkxY2UzOTk5OTg2NWY4NmJlMDNjOGJlYjE2N2RjNTA2MjU2NjJjMzIwOGIzZWM1ZjRmNjgzNDJiYTcwYTRmM2FkMGRjMGQ1MTA0MTFkODdhMDA1ZmU4NWE3YTJjZmNhLDIsMQ%3D%3D,4447366703,Internship,,,,Imported automatically from a LinkedIn job email.
FTI Consulting,Technology Intern,"Washington, DC",Remote,"August 6, 2026","September 17, 2026",$30-$35/hour,"Est. $14,400-$16,800",https://fticonsulting.wd108.myworkdayjobs.com/FTIConsultingCareers/job/United-States/XMLNAME-2027-Intern---Technology_JR260339-1,,JR260339,OTHER,"Who We Are FTI Consulting is the leading global expert firm for organizations facing crisis and transformation. We work with many of the world’s top multinational corporations, law firms, banks and private equity firms on their most important issues to deliver impact that makes a difference. From resolving disputes, navigating crises, managing risk and optimizing performance, our teams respond rapidly to dynamic and complex situations. At FTI Consulting, you’ll work side-by side with leaders who have shaped history, helping solve the biggest challenges making headlines today. From day one, you’ll be an integral part of a focused team where you can make a real impact. You’ll be surrounded by an open, collaborative culture that embraces diversity, recognition, professional development and, most importantly, you. Are you ready to make your impact? About The Role Are you an innovative, collaborative, and highly motivated student that is looking to exercise your entrepreneurial spirit in the workplace? FTI Consulting is looking to invest in your future and the future of FTI Consulting with our summer 2027 internship program, which takes place between late May 2027 and August 2027. The internship program at FTI Consulting serves as a key pathway to entry-level consultant positions, providing interns with the opportunity to gain valuable experience and be considered for future full-time roles. Technology Intern Our technology interns work with corporations, governments and law firms to meet critical legal and regulatory needs, including investigations, e-discovery, information governance, digital forensics, data privacy, document review consulting as well as project management. Consultants will start by learning a range of skills around data including e-discovery, digital forensics and case management. Advanced Analytics Researcher Intern Our advanced analytics researcher interns work closely with corporate clients and law firms to play a critical role within our Find Facts Fast (FFF) service, conducting investigative fact-finding with advanced analytics to mine large datasets and perform substantive research and analysis to quickly identify case-critical documents and prepare comprehensive summaries and documentation of the material facts, key issues and themes for strategic decision-making. Advanced Analytics Researchers will learn and develop a range of skills in FTI’s Find Facts Fast and advanced analytics research, and also around e-discovery and document review consulting. What You’ll Do As an Intern, you will become a member of a project team and work closely with our professionals and senior leaders to meet our clients’ needs. We strongly recommend you take time to educate yourself on the Technology segment, one of our five business segments, as well as the practice areas within Technology on our Careers Site. While submitting your application, you will have the opportunity to select your practice area and location based on your interests. The available practices and market locations for this segment are listed below: Technology (TECH) Location(s): Atlanta, GA; Chicago, IL; Houston, TX; Los Angeles, CA; New York, NY; San Francisco, CA; Washington, DC Advanced Analytics Location(s): Chicago, IL; Los Angeles, CA; New York, NY; San Francisco, CA; Washington, DC How You’ll Grow We are committed to investing and supporting you in your professional development, and we have developed a range of programs focused on fostering leadership, growth and development opportunities. We aim to promote continuous learning and individual skills development through on-the-job learning, self-guided professional development courses and certifications. You’ll be assigned a dedicated coach to mentor, guide and support you through regular coaching sessions and serve as an advocate for your professional growth. As you progress through your career at FTI Consulting, we offer tailored programs for critical professional milestones to ensure you are pre...",,,Total assumes 12 weeks; posting states late May through August. Employer page enriched automatically from published job data.
Arboreal Management,Software Engineering Intern,"Seattle, Washington, United States",In person,"August 5, 2026",Rolling,Undisclosed,Undisclosed,https://www.linkedin.com/comm/jobs/view/4394227877?trackingId=&refId=&lipi=urn%3Ali%3Apage%3Aemail_email_jobs_saved_job_reminder_01%3B1cujd0CXTNq4p4G%2FpPLwdQ%3D%3D&midToken=AQEjyWXu4WAGnA&midSig=1SL4k-bd79cco1&trk=eml-email_jobs_saved_job_reminder_01-saved~jobs-0-job_posting&trkEmail=eml-email_jobs_saved_job_reminder_01-saved~jobs-0-job_posting-null-i8qsyk~msgcj2ne~lz-null-null&eid=i8qsyk-msgcj2ne-lz&otpToken=MzE3MmI2ZDFmMGY2YzIwY2JiZWVmN2MwMzU5ODQyZWFiNDBjZjA1MTUxZWNmMmYyOThmM2NjNGEwM2ExZTViMzE4N2Q3MmRmMzU2YTYxZTdjMGY5MjAxNDgzNjgwYmQ2YjU5OTU1ZjI0YjhhNDRhNGM0ZWRjMmRiOThkYWZkNjA0YzY4YWU2NDU1YWVkNjVjLDIsMQ%3D%3D,https://www.linkedin.com/comm/jobs/view/4394227877?trackingId=&refId=&lipi=urn%3Ali%3Apage%3Aemail_email_jobs_saved_job_reminder_01%3B1cujd0CXTNq4p4G%2FpPLwdQ%3D%3D&midToken=AQEjyWXu4WAGnA&midSig=1SL4k-bd79cco1&trk=eml-email_jobs_saved_job_reminder_01-saved~jobs-0-job_posting&trkEmail=eml-email_jobs_saved_job_reminder_01-saved~jobs-0-job_posting-null-i8qsyk~msgcj2ne~lz-null-null&eid=i8qsyk-msgcj2ne-lz&otpToken=MzE3MmI2ZDFmMGY2YzIwY2JiZWVmN2MwMzU5ODQyZWFiNDBjZjA1MTUxZWNmMmYyOThmM2NjNGEwM2ExZTViMzE4N2Q3MmRmMzU2YTYxZTdjMGY5MjAxNDgzNjgwYmQ2YjU5OTU1ZjI0YjhhNDRhNGM0ZWRjMmRiOThkYWZkNjA0YzY4YWU2NDU1YWVkNjVjLDIsMQ%3D%3D,4394227877,Internship,,,,Imported automatically from a LinkedIn job email.
Blue Origin,Spring 2027 Engineering Intern - Undergraduate,Greater Seattle Area,In person,"August 5, 2026",Rolling,Undisclosed,Undisclosed,https://www.linkedin.com/comm/jobs/view/4441000937?trackingId=&refId=&lipi=urn%3Ali%3Apage%3Aemail_email_jobs_saved_job_reminder_01%3B1cujd0CXTNq4p4G%2FpPLwdQ%3D%3D&midToken=AQEjyWXu4WAGnA&midSig=1SL4k-bd79cco1&trk=eml-email_jobs_saved_job_reminder_01-saved~jobs-0-job_posting&trkEmail=eml-email_jobs_saved_job_reminder_01-saved~jobs-0-job_posting-null-i8qsyk~msgcj2ne~lz-null-null&eid=i8qsyk-msgcj2ne-lz&otpToken=MzE3MmI2ZDFmMGY2YzIwY2JiZWVmN2MwMzU5ODQyZWFiNDBjZjA1MTUxZWNmMmYyOThmM2NjNGEwM2ExZTViMzE4N2Q3MmRmMzU2YTYxZTdjMGY5MjAxNDgzNjgwYmQ2YjU5OTU1ZjI0YjhhNDRhNGM0ZWRjMmRiOThkYWZkNjA0YzY4YWU2NDU1YWVkNjVjLDIsMQ%3D%3D,,4441000937,,,,,Imported automatically from a LinkedIn job email.
Palantir Technologies,"Software Engineer, Internship - Production Infrastructure","Seattle, Washington, United States",In person,"August 5, 2026",Rolling,Undisclosed,Undisclosed,https://www.linkedin.com/comm/jobs/view/4434137560?trackingId=&refId=&lipi=urn%3Ali%3Apage%3Aemail_email_jobs_saved_job_reminder_01%3B1cujd0CXTNq4p4G%2FpPLwdQ%3D%3D&midToken=AQEjyWXu4WAGnA&midSig=1SL4k-bd79cco1&trk=eml-email_jobs_saved_job_reminder_01-saved~jobs-0-job_posting&trkEmail=eml-email_jobs_saved_job_reminder_01-saved~jobs-0-job_posting-null-i8qsyk~msgcj2ne~lz-null-null&eid=i8qsyk-msgcj2ne-lz&otpToken=MzE3MmI2ZDFmMGY2YzIwY2JiZWVmN2MwMzU5ODQyZWFiNDBjZjA1MTUxZWNmMmYyOThmM2NjNGEwM2ExZTViMzE4N2Q3MmRmMzU2YTYxZTdjMGY5MjAxNDgzNjgwYmQ2YjU5OTU1ZjI0YjhhNDRhNGM0ZWRjMmRiOThkYWZkNjA0YzY4YWU2NDU1YWVkNjVjLDIsMQ%3D%3D,,4434137560,,,,,Imported automatically from a LinkedIn job email.
TikTok,Software Development Engineer in Test Intern (Global E-Commerce) - 2027 Summer,"Seattle, Washington, United States",In person,"August 5, 2026",Rolling,Undisclosed,Undisclosed,https://www.linkedin.com/comm/jobs/view/4446288143?trackingId=&refId=&lipi=urn%3Ali%3Apage%3Aemail_email_jobs_saved_job_reminder_01%3B1cujd0CXTNq4p4G%2FpPLwdQ%3D%3D&midToken=AQEjyWXu4WAGnA&midSig=1SL4k-bd79cco1&trk=eml-email_jobs_saved_job_reminder_01-saved~jobs-0-job_posting&trkEmail=eml-email_jobs_saved_job_reminder_01-saved~jobs-0-job_posting-null-i8qsyk~msgcj2ne~lz-null-null&eid=i8qsyk-msgcj2ne-lz&otpToken=MzE3MmI2ZDFmMGY2YzIwY2JiZWVmN2MwMzU5ODQyZWFiNDBjZjA1MTUxZWNmMmYyOThmM2NjNGEwM2ExZTViMzE4N2Q3MmRmMzU2YTYxZTdjMGY5MjAxNDgzNjgwYmQ2YjU5OTU1ZjI0YjhhNDRhNGM0ZWRjMmRiOThkYWZkNjA0YzY4YWU2NDU1YWVkNjVjLDIsMQ%3D%3D,,4446288143,,,,,Imported automatically from a LinkedIn job email.
Anduril,Software Engineer Intern,"Seattle, WA",In person,"August 4, 2026",Rolling,$40-$55/hour,"$19,200-$26,400",https://job-boards.greenhouse.io/andurilindustries/jobs/5148079007?gh_jid=5148079007,,5148079007,,,,,12 weeks. Open date is first verified date; posting says reviews begin in August 2026.
ByteDance,Distributed Database SWE Intern,"Seattle, WA",In person,"August 4, 2026",Rolling,$42.75/hour,"$20,520",https://joinbytedance.com/search/7668373268886161669,,A10782,,,,,12 weeks.
Great Expectations,Software Engineering Intern,"Seattle, WA",Hybrid,"August 4, 2026",Rolling,Undisclosed,Undisclosed,https://arborealmanagement.na.teamtailor.com/jobs/582953-software-engineering-intern,,582953,,,,,Starts part time in spring and transitions to full time in summer. Duplicate Arboreal/Great Expectations entry removed.
IDEXX,Security Operations Intern,"Westbrook, ME",Hybrid,"August 4, 2026",Rolling,$20-$30/hour,"Est. $9,600-$14,400",https://careers.idexx.com/us/en/job/J-053268/Security-Operations-Cybersecurity-internship,,J-053268,,,,,Total assumes the posting's 12-week duration. Posting also contains conflicting one-year wording.
Melaleuca,Cybersecurity Intern,"Idaho Falls, ID",In person,"August 4, 2026",Rolling,Undisclosed,Undisclosed,https://careers-melaleuca.icims.com/jobs/9598/internship-summer-2027---cybersecurity/job,,9598,,,,,Approximately 90 days.
New York Life,Security Engineer Intern,"New York, NY",Hybrid,"August 4, 2026",Rolling,$30-$35/hour,"$16,200-$18,400",https://jobs.newyorklife.com/search/?q=94540,,94540,,,,,"11 weeks. Total includes the posted $3,000 bonus."
TikTok,Trust & Safety SWE Intern,"Seattle, WA",In person,"August 4, 2026",Rolling,$42.75/hour,"$20,520",https://lifeattiktok.com/search/7662684280234232117?spread=5MWH5CQ,,A03198,,,,,12 weeks.
Truveta,Software Engineering Intern,"Bellevue, WA",Hybrid,"August 4, 2026",Rolling,$20/hour,"$8,000 minimum",https://job-boards.greenhouse.io/truveta/jobs/5659745004,,5659745004,,,,,Minimum 10 weeks.
Zebra,Product Security Intern,"Lincolnshire, IL",Hybrid,"August 4, 2026","August 8, 2026",$27-$34/hour,"Est. $12,960-$16,320",https://zebra.wd501.myworkdayjobs.com/Zebra_careers/job/Lincolnshire-Illinois/XMLNAME-2027-Summer-Internship--US----Product-Security_JR102764,,JR102764,,,,,Total assumes 12 weeks.
Boeing,IT & Security Intern,"Seattle, WA",Hybrid,"August 3, 2026","October 23, 2026",Est. $21.15-$42.79/hour,"Est. $8,462-$20,538",https://jobs.boeing.com/job/-/-/185/98720781984,,JR2026520791,Intern (Seasonal),"Job Description At Boeing, we innovate and collaborate to make the world a better place. We’re committed to fostering an environment for every teammate that’s welcoming, respectful and inclusive, with great opportunity for professional growth. Find your future with us. Launch your career with Boeing, celebrated by WayUp as a Top 100 Internship Program in the US for 2026! We are seeking motivated, enthusiastic, and innovative students to join our 2027 intern program. Boeing is the world's largest aerospace company and leading manufacturer of commercial jetliners, defense, space and security systems, and service provider of aftermarket support. We are engineers and technicians. Skilled scientists and thinkers. Bold innovators and dreamers. Join us, and build something better for yourself, for our customers and for the world. In more than 65 countries, you’ll find our people working on advances like remarkable aircraft comprised mostly of composite materials. Versatile and powerful jet fighters and rotorcraft that explore new uses of technology. Aircraft powered by hydrogen and biofuels. And even blended wing body and hybrid-electric aircraft. Boeing has shaped the course of human history through aerospace innovations. Today, because of our amazing people and powerful technologies, our products connect the globe, protect freedom, and advance scientific discovery around the world. From the depths of the ocean, to Mars and beyond, we're inspiring the next century of explorers – we invite you to join us on the journey ahead! Information Digital Technology & Security (IDT&S) is seeking talented, forward-thinking students ready to assist in delivering best-in-class technological solutions for our global business, partners, and customers. As a summer intern, you will transition classroom theory into high-impact practice. You will take on projects designed to sharpen your existing technical toolkit while rapidly building new competencies This immersive experience embeds you directly into collaborative teams to tackle complex, real-world challenges that extend far beyond the job. We offer specialized pathways across a diverse digital ecosystem in disciplines including, but not limited to: AI and Data, Application Development, Cybersecurity, Data Science and Business Analytics, Software Engineering, Information Protection, Network Design, Product Management, Project Management, Systems Analysis, Systems Architecture, Systems Integration, and User Experience Design. As an intern at Boeing, you’ll gain hands-on experience, learn from experts, and collaborate with teams that do truly amazing things. Over the course of our 10-12-week internship experience you will have the opportunity to: Work directly with a mentor in your field of study while finding solutions to real world problems Experience our products up close by touring our state-of-the-art manufacturing and research facilities Interact directly with our company leaders to discuss strategy and the future of Boeing Build a lasting professional network through social events and engaging activities Gain the skills and knowledge to become a future leader in the aerospace industry To learn more about internship opportunities, https://jobs.boeing.com/it-internships Some of these positions are hybrid. This means that the selected candidate will be required to perform some work onsite at one of the listed location options. This is at the hiring team’s discretion and could potentially change in the future. Some of these positions have been identified as virtual opportunities and do not require applicants to live in close proximity to a Boeing facility. Some of these positions are expected to be 100% onsite. The selected candidate will be required to work onsite at one of the listed location options. Some of these positions may require the ability to obtain a U.S. Security Clearance for which the U.S. Government requires U.S. Citizenship. Some of these positions must meet Export Control comp...","No, this position is not contingent upon program award",,"10-12 weeks. Hourly and total figures are derived from the posted $44,000-$89,000 annualized range. Employer page enriched automatically from published job data."
Capital One,Cybersecurity Intern,"McLean, VA",Hybrid,"August 3, 2026",Rolling,Est. $67.31/hour,"Est. $26,923",https://www.capitalonecareers.com/job/-/-/234/98706584752,,R244319,,,,,"10 weeks. Derived from the posted $140,000 annualized McLean salary."
Microsoft,Security & Identity SWE Intern,"Redmond, WA",Hybrid,"August 3, 2026",Rolling,Est. $32.83-$64.67/hour,"Est. $17,070-$33,630",https://apply.careers.microsoft.com/careers/job/1970393556922930,,200042199,,,,,"Monthly range is $5,690-$11,210. Total assumes three months."
Netsmart,Security Analyst Intern,"Overland Park, KS",In person,"August 3, 2026","August 8, 2026",Undisclosed,Undisclosed,https://ntst.wd1.myworkdayjobs.com/Careers/job/Overland-Park-KS/Security-Analyst-Future--Summer-2027-Internship-_R015669,,R015669,,,,,8 weeks.
Rockefeller Capital Management,Summer Analyst - Information Security,"New York, NY",In person,"July 24, 2026","July 24, 2027",$38/hour,$0-$0/year,https://careers.rockco.com/careers-home/jobs/5355?lang=en-us,,5355,FULL TIME,"About Rockefeller Capital Management Rockefeller Capital Management was established in 2018 as a leading independent financial advisory services firm. Originally founded in 1882 as the family office of John D. Rockefeller, the Firm has evolved to offer strategic advice to ultra- and high-net-worth individuals and families, institutions, and corporations from offices in 33 markets throughout the United States, as well as an office in London. The Firm oversees $224 billion in client assets as of June 30, 2026. Position Program Overview Rockefeller Capital Management offers a distinctive Summer Analyst Program experience as a premier independent financial advisory firm. Our diversified businesses, boutique size, and entrepreneurial culture shape a dynamic, personalized experience for our Analysts. Our Summer Analyst program is a ten-week (June-August) internship program designed to provide an opportunity to experience the culture and atmosphere of Rockefeller Capital Management. Summer Analysts will be fully immersed in the day-to-day activities of the business, providing opportunities to learn, grow, and excel. Key highlights of the program include: Mentorship program to support learning and development. Weekly speaker series to promote a deep understanding of the firm, our culture and share personal perspectives from employees. Intensive training on our business model and how employees of the firm contribute to achieving our goals. Frequent connectivity with other Summer Analysts and our program team. Round table discussions on current events with macro and micro relevance to our business. Opportunities to exchange ideas and network with peers, mentors, and senior leaders throughout the firm. Eligibility and Selection Criteria To be eligible for consideration, students must be projected 2028 graduates and in good standing at the school. Analysts should have an interest in the financial services industry and be eager to learn and make an impact. POSITION Rockefeller Capital Management&rsquo;s Technology department is seeking a Summer Analyst to join its Information Security team this summer. The Summer Analyst will work with experienced professionals to learn about and work with cutting-edge technology and tools. Project output will have a direct impact on securing the data and assets of the firm. We are seeking a curious and delivery-oriented individual with a strong interest in cybersecurity principles, current threats and risk reduction. Responsibilities Partner with colleagues in driving enhancements across control environment and threat defenses. Stay up to date on current cybersecurity trends and threats. Assist with the development of security policies and procedures. Proactively identify potential security issues and make recommendations for improvement. Communicate and present complex technical information to non-technical stakeholders. Contribute to the cybersecurity awareness program with innovative ways to communicate the importance of best practices. Partner with colleagues in information security, data and technology to drive performance metrics. Engage senior leadership across the business to promote a risk culture and drive risk reduction initiatives with information security and data leadership. Work with various security tools and technologies to protect the organization&rsquo;s systems and data. Qualifications High school degree required. Pursuing a degree with one of concentrations in the following domains is desirable: Computer Science, Economics, Psychology, Mathematics, Data or Cybersecurity. Skills Strong analytical and problem-solving skills with the ability to investigate and interpret complex information. Demonstrated intellectual curiosity and eagerness to learn new technologies and security concepts. Thorough, organized, and able to learn quickly. Ability to work well independently and as part of a team. Ability to multi-task and be able to reassess priorities as situations arise. Detail-oriented...","High school degree required. Pursuing a degree with one of concentrations in the following domains is desirable: Computer Science, Economics, Psychology, Mathematics, Data or Cybersecurity.","Partner with colleagues in driving enhancements across control environment and threat defenses. Stay up to date on current cybersecurity trends and threats. Assist with the development of security policies and procedures. Proactively identify potential security issues and make recommendations for improvement. Communicate and present complex technical information to non-technical stakeholders. Contribute to the cybersecurity awareness program with innovative ways to communicate the importance of best practices. Partner with colleagues in information security, data and technology to drive performance metrics. Engage senior leadership across the business to promote a risk culture and drive risk reduction initiatives with information security and data leadership. Work with various security tools and technologies to protect the organization&rsquo;s systems and data.",10-week June-August program. Employer-posted rate is $38/hour. Employer page enriched automatically from published job data.
Fortegra,Cybersecurity Intern,"Jacksonville, FL",In person,"July 21, 2026",Rolling,Undisclosed,Undisclosed,https://recruiting.ultipro.com/FOR1024FRTF/JobBoard/10967d5b-ac04-43a2-81f2-e75751559c2c/OpportunityDetail?opportunityId=4ad2a11d-333b-49df-be10-95c051a795f9,,SUMME001690,,,,,8 weeks.
BDO USA,"Assurance Intern, Technology Risk Assurance - Summer 2027 (Atlanta)","Atlanta, GA",In person,"July 10, 2026","September 17, 2026",Undisclosed,Undisclosed,https://www.linkedin.com/jobs/view/4363237476,,11429,,"Technology Risk Assurance internship supporting application/control testing, IT audit, SOX reviews, walkthroughs, workpapers, and reporting.","Pursuing accounting, computer science, or information systems degree.",,"Apply before September 17, 2026."
Bank of America,Cybersecurity Analyst Intern,"Charlotte, NC",In person,"July 1, 2026","November 8, 2026",Est. $32.69-$45.67/hour,"Est. $13,077-$18,269",https://careers.bankofamerica.com/en-us/students/job-detail/14391/global-technology-summer-analyst-2027-cybersecurity-analyst-multiple-locations,,JR-14391,SUMMER INTERNSHIP,"The Global Technology division manages the critical systems and platforms that form the backbone of the company's retail, commercial and institutional businesses, as well as key support functions around the world. We develop and deploy leading-edge technology in areas such as mobile and online banking, payments processing, technology infrastructure, cyber-security, risk and capital management and enterprise data management. Our mainframe environment is the third largest in the world. Global Technology teams remain on the cutting edge of innovative learning through our focus on immersive technology. We were the first financial institution to offer a comprehensive set of tools leveraging technology like virtual reality, artificial intelligence and practice simulations within our financial centers. As a member of our team, you will use leading technology solutions and integrated platforms to ensure that our customers and clients can effectively manage their finances and bank with us anytime, anywhere. Our Global Technology Summer Analyst Program provide you with a unique experience based on your interests, development opportunities and current business needs. Analyst positions support teams that work on the latest technology and emerging technical trends. Our Program The Summer program is a 10-week program designed to provide Summer Analysts with a unique opportunity to gain an exposure to life at Bank of America and also make significant contributions to the team. The Summer program begins with an in person week long orientation and induction to the firm with networking opportunities. To prepare you for your Summer internship, you will attend an in-person, week-long orientation where you will receive Bank/Line of Business information and network with peers and Enterprise leaders across Summer Campus programs. Summer Analysts are given a true associate experience, as assignments mirror full-time responsibility and include goal setting and a formal review process. Although the role you take on may vary, every intern will have the opportunity for robust learning through trainings, professional development, networking events, volunteer activities, speaker series, and more! During your 10 weeks with Bank of America, you’ll strengthen your key skills and competencies to help jump start your career and make a real impact on our business from day one. What We Offer Direct placement internships give interns the opportunity to sit directly on a team working on real-time, business-critical needs. Each internship includes a unique individual internship project designed to provide real-world experience. Formalized approach to establishing goals and expectations for the summer through our performance development process Peer and mentor relationships that provide ongoing coaching and development feedback Connections with senior leaders through educational speaker events A focus on developing networking skills through connections intern-specific engagement events Personalized Cohort Program Managers to help you navigate your internship A welcoming company culture, including opportunities to join Employee Networks with ongoing activities for engagement and connection Education: Considered candidates are required to be pursuing an undergraduate or master’s degree from an accredited college or university. Eligible candidates must have a graduation timeframe between November 2027 and August 2028. Degree Type : Bachelor’s Degree or Master’s degree Considered candidates should be in their penultimate year of school Masters candidates should not have more than 0 years of experience Graduation Dates : November 2027 – August 2028 Major/Course of Study: Computer Science, Computer Engineering, Information Systems, or similar degree of relevance GPA : 3.5 minimum GPA preferred Candidates for our Global Technology programs should possess: Fundamental knowledge and understanding of programming languages, data visualization tools, application frameworks, d...",,,"10 weeks. Compensation is a third-party annualized estimate, not an employer-posted range. Employer page enriched automatically from published job data."
